<?xml version="1.0" encoding="UTF-8"?>
<project-private xmlns="http://www.netbeans.org/ns/project-private/1">
    <editor-bookmarks xmlns="http://www.netbeans.org/ns/editor-bookmarks/2" lastBookmarkId="0"/>
    <open-files xmlns="http://www.netbeans.org/ns/projectui-open-files/2">
        <group>
            <file>file:/C:/Users/Colli/Documents/NetBeansProjects/Practice1/CardLayout/src/Teacher.java</file>
            <file>file:/C:/Users/Colli/Documents/NetBeansProjects/Practice1/CardLayout/src/MainForm.java</file>
            <file>file:/C:/Users/Colli/Documents/NetBeansProjects/Practice1/CardLayout/src/Profile.java</file>
            <file>file:/C:/Users/Colli/Documents/NetBeansProjects/Practice1/CardLayout/src/Login.java</file>
            <file>file:/C:/Users/Colli/Documents/NetBeansProjects/Practice1/CardLayout/src/Children.java</file>
        </group>
    </open-files>
</project-private>
